<?xml version="1.0" encoding="UTF-8" standalone="yes"?>
<addon id="plugin.video.manstuff" name="[B][COLOR white](.)(.)Tissue Time (.)(.)[/COLOR][/B]" version="0.0.3" provider-name="Goliath">
  <requires>
    <import addon="xbmc.python" version="2.1.0"/>
    <import addon="script.module.simplejson" version="0.0.1"/>
    <import addon="script.module.urlresolver"  version="0.0.1"/>
    <import addon="script.module.liveresolver" version="0.0.1"/>
    <import addon="script.common.plugin.cache" version="0.0.1"/>
    <import addon="script.module.metahandler" version="0.0.1"/>

  </requires>
  <extension point="xbmc.python.pluginsource" library="default.py">
        <provides>video</provides>
  </extension>
  <extension point="xbmc.addon.metadata">
    <summary lang="en">(.)(.)Tissue Time (.)(.) is an XXX ADULT ADDON. 18+</summary>
    <description lang="en">Get your tissues at the ready! ;) XXX ADDON(was Man Stuff Addon) renamed.</description>
    <platform>all</platform>
  </extension>
</addon>