<?xml version="1.0" encoding="UTF-8" standalone="yes"?>
<addon id="repository.Goliath" name="Goliaths Add-ons repository" version="2.0.2" provider-name="Goliath">
	<extension point="xbmc.addon.repository" name="Goliaths Repository">
	<dir>
		<info compressed="false">https://github.com/tvaddonsco/tva-resolvers-repo/raw/master/addons.xml</info>
		<checksum>https://github.com/tvaddonsco/tva-resolvers-repo/raw/master/addons.xml.md5</checksum>
		<datadir zip="true">https://github.com/tvaddonsco/tva-resolvers-repo/raw/master/zips/</datadir>
	</dir>
	<dir>
        <info compressed="false">https://raw.githubusercontent.com/jsergio123/zips/master/addons.xml</info>
        <checksum>https://raw.githubusercontent.com/jsergio123/zips/master/addons.xml.md5</checksum>
        <datadir zip="true">https://raw.githubusercontent.com/jsergio123/zips/master/</datadir>
    </dir>
    <dir>
        <info compressed="false">http://teamuniversal.xyz/modules4all/addons.xml</info>
        <checksum>http://teamuniversal.xyz/modules4all/addons.xml.md5</checksum>
        <datadir zip="true">http://teamuniversal.xyz/modules4all/</datadir>
    </dir>
	<dir>
		<info compressed="false">https://raw.githubusercontent.com/Goliath-Evolve/repository.Goliath/master/addons.xml</info>
		<checksum>https://raw.githubusercontent.com/Goliath-Evolve/repository.Goliath/master/addons.xml.md5</checksum>
		<datadir zip="true">https://raw.githubusercontent.com/Goliath-Evolve/repository.Goliath/master/zips/</datadir>
	</dir>
	</extension>
	<extension point="xbmc.addon.metadata">
		<summary>Home of Goliaths Addons</summary>
		<description>Download and install all unofficial Add-ons from Goliath</description>
		<platform>all</platform>
	</extension>
</addon>

